{
    "FLUXCALERR_Y": {
        "mean": -6.074845790863037,
        "min": 0.0,
        "std": 8.143190383911133
    },
    "FLUXCALERR_g": {
        "mean": -6.074845790863037,
        "min": 0.0,
        "std": 8.143190383911133
    },
    "FLUXCALERR_i": {
        "mean": -6.074845790863037,
        "min": 0.0,
        "std": 8.143190383911133
    },
    "FLUXCALERR_r": {
        "mean": -6.074845790863037,
        "min": 0.0,
        "std": 8.143190383911133
    },
    "FLUXCALERR_u": {
        "mean": -6.074845790863037,
        "min": 0.0,
        "std": 8.143190383911133
    },
    "FLUXCALERR_z": {
        "mean": -6.074845790863037,
        "min": 0.0,
        "std": 8.143190383911133
    },
    "FLUXCAL_Y": {
        "mean": 15.280020713806152,
        "min": -2000.0,
        "std": 0.0065855830907821655
    },
    "FLUXCAL_g": {
        "mean": 15.280020713806152,
        "min": -2000.0,
        "std": 0.0065855830907821655
    },
    "FLUXCAL_i": {
        "mean": 15.280020713806152,
        "min": -2000.0,
        "std": 0.0065855830907821655
    },
    "FLUXCAL_r": {
        "mean": 15.280020713806152,
        "min": -2000.0,
        "std": 0.0065855830907821655
    },
    "FLUXCAL_u": {
        "mean": 15.280020713806152,
        "min": -2000.0,
        "std": 0.0065855830907821655
    },
    "FLUXCAL_z": {
        "mean": 15.280020713806152,
        "min": -2000.0,
        "std": 0.0065855830907821655
    },
    "delta_time": {
        "mean": -0.04547923430800438,
        "min": 0.0,
        "std": 3.821012496948242
    }
}