{"vanilla_S_0_CLF_2_R_zspe_photometry_DF_1.0_N_cosmo_quantile_lstm_32x2_0.05_128_True_mean_C": {"training_time": 69.58515763282776, "AUC": 0.9996307432610646, "Acc": 0.9806678383128296, "loss": 0.049900840647633185, "data_types_training": "['0 SN [10, 11, 12, 20, 21, 25, 26, 27, 30, 31, 32, 35, 36, 37]'\n '1 Long [40, 42, 45, 46, 59]' '2 Ia [50, 51, 82, 84, 87, 88, 89]'\n '3 Non Periodic [60]' '4 Periodic [80, 83, 90, 91]']"}}