{"vanilla_S_0_CLF_2_R_zspe_photometry_DF_1.0_N_cosmo_quantile_lstm_32x2_0.05_128_True_mean_C": {"training_time": 49.65419936180115, "AUC": 0.996613570801455, "Acc": 0.9565217391304348, "loss": 0.10184278022404714, "data_types_training": "['0 SN [111, 112, 113, 114, 115]' '1 Ia [121, 122, 123, 124]'\n '2 Long [131, 132, 133, 134, 135]' '3 Periodic [211, 212, 213, 214]'\n '4 Non-Periodic [221]']"}}