{
    "FLUXCALERR_Y": {
        "mean": -5.95202112197876,
        "min": 0.0,
        "std": 8.191194534301758
    },
    "FLUXCALERR_g": {
        "mean": -5.95202112197876,
        "min": 0.0,
        "std": 8.191194534301758
    },
    "FLUXCALERR_i": {
        "mean": -5.95202112197876,
        "min": 0.0,
        "std": 8.191194534301758
    },
    "FLUXCALERR_r": {
        "mean": -5.95202112197876,
        "min": 0.0,
        "std": 8.191194534301758
    },
    "FLUXCALERR_u": {
        "mean": -5.95202112197876,
        "min": 0.0,
        "std": 8.191194534301758
    },
    "FLUXCALERR_z": {
        "mean": -5.95202112197876,
        "min": 0.0,
        "std": 8.191194534301758
    },
    "FLUXCAL_Y": {
        "mean": 15.077818870544434,
        "min": -2000.0,
        "std": 0.0070768618024885654
    },
    "FLUXCAL_g": {
        "mean": 15.077818870544434,
        "min": -2000.0,
        "std": 0.0070768618024885654
    },
    "FLUXCAL_i": {
        "mean": 15.077818870544434,
        "min": -2000.0,
        "std": 0.0070768618024885654
    },
    "FLUXCAL_r": {
        "mean": 15.077818870544434,
        "min": -2000.0,
        "std": 0.0070768618024885654
    },
    "FLUXCAL_u": {
        "mean": 15.077818870544434,
        "min": -2000.0,
        "std": 0.0070768618024885654
    },
    "FLUXCAL_z": {
        "mean": 15.077818870544434,
        "min": -2000.0,
        "std": 0.0070768618024885654
    },
    "delta_time": {
        "mean": 0.16131117939949036,
        "min": 0.0,
        "std": 3.4907279014587402
    }
}