{
    "FLUXCALERR_g": {
        "mean": 1.7660936117172241,
        "min": 0.0,
        "std": 5.6609368324279785
    },
    "FLUXCALERR_r": {
        "mean": 1.7660936117172241,
        "min": 0.0,
        "std": 5.6609368324279785
    },
    "FLUXCAL_g": {
        "mean": 7.231179714202881,
        "min": -1300.2288818359375,
        "std": 0.1645582616329193
    },
    "FLUXCAL_r": {
        "mean": 7.231179714202881,
        "min": -1300.2288818359375,
        "std": 0.1645582616329193
    },
    "delta_time": {
        "mean": 1.1069562435150146,
        "min": 0.0,
        "std": 1.9805585145950317
    }
}