{
    "FLUXCALERR_g": {
        "mean": 1.822701096534729,
        "min": 0.0,
        "std": 5.719744682312012
    },
    "FLUXCALERR_r": {
        "mean": 1.822701096534729,
        "min": 0.0,
        "std": 5.719744682312012
    },
    "FLUXCAL_g": {
        "mean": 13.095413208007812,
        "min": -2000.0,
        "std": 0.011771916411817074
    },
    "FLUXCAL_r": {
        "mean": 13.095413208007812,
        "min": -2000.0,
        "std": 0.011771916411817074
    },
    "delta_time": {
        "mean": 1.1017247438430786,
        "min": 0.0,
        "std": 2.013009786605835
    }
}