{"vanilla_S_0_CLF_2_R_zspe_photometry_DF_1.0_N_cosmo_quantile_lstm_32x2_0.05_128_True_mean_C": {"training_time": 1233.3509321212769, "AUC": 0.9999452226753208, "Acc": 0.9961734693877551, "loss": 0.011688214225682525, "data_types_training": "['0 SN [111, 112, 113, 114, 115]' '1 Fast [121, 122, 123, 124]'\n '2 Long [131, 132, 133, 134, 135]' '3 Periodic [211, 212, 213, 214]'\n '4 Ia [221]']"}}