{"vanilla_S_0_CLF_2_R_zspe_photometry_DF_1.0_N_cosmo_quantile_lstm_32x2_0.05_128_True_mean_C": {"training_time": 396.256822347641, "AUC": 0.9300655098530819, "Acc": 0.8395104895104896, "loss": 0.34093744017143834, "data_types_training": "['0 SN [111, 112, 113, 114, 115]' '1 Fast [121, 122, 123, 124]'\n '2 Ia [131, 132, 133, 134, 135]' '3 Periodic [211, 212, 213, 214]'\n '4 Non-Periodic [221]']"}}