{"vanilla_S_0_CLF_2_R_none_photometry_DF_1.0_N_global_lstm_32x2_0.05_128_True_mean_C": {"training_time": 79.46915793418884, "AUC": 0.8308468680336101, "Acc": 0.7516722408026756, "loss": 0.5039637235331429}}