{
    "FLUXCALERR_Y": {
        "mean": -6.857351303100586,
        "min": 0.0,
        "std": 7.766541481018066
    },
    "FLUXCALERR_g": {
        "mean": -6.857351303100586,
        "min": 0.0,
        "std": 7.766541481018066
    },
    "FLUXCALERR_i": {
        "mean": -6.857351303100586,
        "min": 0.0,
        "std": 7.766541481018066
    },
    "FLUXCALERR_r": {
        "mean": -6.857351303100586,
        "min": 0.0,
        "std": 7.766541481018066
    },
    "FLUXCALERR_u": {
        "mean": -6.857351303100586,
        "min": 0.0,
        "std": 7.766541481018066
    },
    "FLUXCALERR_z": {
        "mean": -6.857351303100586,
        "min": 0.0,
        "std": 7.766541481018066
    },
    "FLUXCAL_Y": {
        "mean": 15.65259075164795,
        "min": -2000.0,
        "std": 0.009680458344519138
    },
    "FLUXCAL_g": {
        "mean": 15.65259075164795,
        "min": -2000.0,
        "std": 0.009680458344519138
    },
    "FLUXCAL_i": {
        "mean": 15.65259075164795,
        "min": -2000.0,
        "std": 0.009680458344519138
    },
    "FLUXCAL_r": {
        "mean": 15.65259075164795,
        "min": -2000.0,
        "std": 0.009680458344519138
    },
    "FLUXCAL_u": {
        "mean": 15.65259075164795,
        "min": -2000.0,
        "std": 0.009680458344519138
    },
    "FLUXCAL_z": {
        "mean": 15.65259075164795,
        "min": -2000.0,
        "std": 0.009680458344519138
    },
    "delta_time": {
        "mean": -0.044970422983169556,
        "min": 0.0,
        "std": 4.171390056610107
    }
}