{
    "FLUXCALERR_Y": {
        "mean": -6.050005912780762,
        "min": 0.0,
        "std": 8.112740516662598
    },
    "FLUXCALERR_g": {
        "mean": -6.050005912780762,
        "min": 0.0,
        "std": 8.112740516662598
    },
    "FLUXCALERR_i": {
        "mean": -6.050005912780762,
        "min": 0.0,
        "std": 8.112740516662598
    },
    "FLUXCALERR_r": {
        "mean": -6.050005912780762,
        "min": 0.0,
        "std": 8.112740516662598
    },
    "FLUXCALERR_u": {
        "mean": -6.050005912780762,
        "min": 0.0,
        "std": 8.112740516662598
    },
    "FLUXCALERR_z": {
        "mean": -6.050005912780762,
        "min": 0.0,
        "std": 8.112740516662598
    },
    "FLUXCAL_Y": {
        "mean": 15.056550025939941,
        "min": -2000.0,
        "std": 0.005364409182220697
    },
    "FLUXCAL_g": {
        "mean": 15.056550025939941,
        "min": -2000.0,
        "std": 0.005364409182220697
    },
    "FLUXCAL_i": {
        "mean": 15.056550025939941,
        "min": -2000.0,
        "std": 0.005364409182220697
    },
    "FLUXCAL_r": {
        "mean": 15.056550025939941,
        "min": -2000.0,
        "std": 0.005364409182220697
    },
    "FLUXCAL_u": {
        "mean": 15.056550025939941,
        "min": -2000.0,
        "std": 0.005364409182220697
    },
    "FLUXCAL_z": {
        "mean": 15.056550025939941,
        "min": -2000.0,
        "std": 0.005364409182220697
    },
    "delta_time": {
        "mean": -0.06843583285808563,
        "min": 0.0,
        "std": 3.6419644355773926
    }
}