{
    "FLUXCALERR_Y": {
        "mean": -7.349722385406494,
        "min": 0.0,
        "std": 6.301029682159424
    },
    "FLUXCALERR_g": {
        "mean": -7.349722385406494,
        "min": 0.0,
        "std": 6.301029682159424
    },
    "FLUXCALERR_i": {
        "mean": -7.349722385406494,
        "min": 0.0,
        "std": 6.301029682159424
    },
    "FLUXCALERR_r": {
        "mean": -7.349722385406494,
        "min": 0.0,
        "std": 6.301029682159424
    },
    "FLUXCALERR_u": {
        "mean": -7.349722385406494,
        "min": 0.0,
        "std": 6.301029682159424
    },
    "FLUXCALERR_z": {
        "mean": -7.349722385406494,
        "min": 0.0,
        "std": 6.301029682159424
    },
    "FLUXCAL_Y": {
        "mean": 11.73969841003418,
        "min": -2000.0,
        "std": 0.0076855882070958614
    },
    "FLUXCAL_g": {
        "mean": 11.73969841003418,
        "min": -2000.0,
        "std": 0.0076855882070958614
    },
    "FLUXCAL_i": {
        "mean": 11.73969841003418,
        "min": -2000.0,
        "std": 0.0076855882070958614
    },
    "FLUXCAL_r": {
        "mean": 11.73969841003418,
        "min": -2000.0,
        "std": 0.0076855882070958614
    },
    "FLUXCAL_u": {
        "mean": 11.73969841003418,
        "min": -2000.0,
        "std": 0.0076855882070958614
    },
    "FLUXCAL_z": {
        "mean": 11.73969841003418,
        "min": -2000.0,
        "std": 0.0076855882070958614
    },
    "delta_time": {
        "mean": -0.07284938544034958,
        "min": 0.0,
        "std": 3.794057846069336
    }
}