{
    "FLUXCALERR_Y": {
        "mean": -6.856194496154785,
        "min": 0.0,
        "std": 7.76696252822876
    },
    "FLUXCALERR_g": {
        "mean": -6.856194496154785,
        "min": 0.0,
        "std": 7.76696252822876
    },
    "FLUXCALERR_i": {
        "mean": -6.856194496154785,
        "min": 0.0,
        "std": 7.76696252822876
    },
    "FLUXCALERR_r": {
        "mean": -6.856194496154785,
        "min": 0.0,
        "std": 7.76696252822876
    },
    "FLUXCALERR_u": {
        "mean": -6.856194496154785,
        "min": 0.0,
        "std": 7.76696252822876
    },
    "FLUXCALERR_z": {
        "mean": -6.856194496154785,
        "min": 0.0,
        "std": 7.76696252822876
    },
    "FLUXCAL_Y": {
        "mean": 15.278236389160156,
        "min": -2000.0,
        "std": 0.0104911457747221
    },
    "FLUXCAL_g": {
        "mean": 15.278236389160156,
        "min": -2000.0,
        "std": 0.0104911457747221
    },
    "FLUXCAL_i": {
        "mean": 15.278236389160156,
        "min": -2000.0,
        "std": 0.0104911457747221
    },
    "FLUXCAL_r": {
        "mean": 15.278236389160156,
        "min": -2000.0,
        "std": 0.0104911457747221
    },
    "FLUXCAL_u": {
        "mean": 15.278236389160156,
        "min": -2000.0,
        "std": 0.0104911457747221
    },
    "FLUXCAL_z": {
        "mean": 15.278236389160156,
        "min": -2000.0,
        "std": 0.0104911457747221
    },
    "delta_time": {
        "mean": -0.04631342366337776,
        "min": 0.0,
        "std": 4.170603275299072
    }
}