{"vanilla_S_0_CLF_2_R_zspe_photometry_DF_1.0_N_cosmo_quantile_lstm_32x2_0.05_128_True_mean_C": {"training_time": 1665.8882808685303, "AUC": 0.9357094998283173, "Acc": 0.8627947943629566, "loss": 0.30657738825392516}}