{"vanilla_S_0_CLF_2_R_zspe_photometry_DF_1.0_N_cosmo_quantile_lstm_32x2_0.05_128_True_mean_C": {"training_time": 688.1954953670502, "AUC": 0.9580405085889928, "Acc": 0.8975709686859819, "loss": 0.25412359461171474, "data_types_training": "['0 Ia [10, 11, 12]'\n '1 SNIbc [20, 21, 25, 26, 27, 30, 31, 32, 35, 36, 37, 40, 42, 45, 46, 59, 60, 80, 82, 83, 84, 87, 88,']"}}