{"vanilla_S_0_CLF_2_R_none_photometry_DF_1.0_N_global_lstm_32x2_0.05_128_True_mean_C": {"training_time": 943.4162170886993, "AUC": 0.812331973273069, "Acc": 0.7395690235690235, "loss": 0.5261862738823706, "data_types_training": "['0 Ia [111]' '1 SNIb/c [112]' '2 SNII [113]' '3 SNIx [114]'\n '4 SNI-91bg [115]' '5 KN [121]' '6 M-dwarf flare [122]'\n '7 dwarf novae [123]' '8 uLens [124]' '9 SLSN [131]' '10 TDE [132]'\n '11 ILOT [133]' '12 CART [134]' '13 PISN [135]' '14 Cepheid [211]'\n '15 RR Lyrae [212]' '16 Delta Scuti [213]' '17 EB [214]' '18 AGN [221]']"}}