{"vanilla_S_0_CLF_2_R_zspe_photometry_DF_1.0_N_cosmo_quantile_lstm_32x2_0.05_128_True_mean_C": {"training_time": 4682.231400728226, "AUC": 0.9697079264241454, "Acc": 0.9091483923045877, "loss": 0.21504043056255873, "data_types_training": "['0 Ia [111]' '1 SNIb/c [112]' '2 SNII [113]' '3 SNIx [114]'\n '4 SNI-91bg [115]' '5 KN [121]' '6 M-dwarf flare [122]'\n '7 dwarf novae [123]' '8 uLens [124]' '9 SLSN [131]' '10 TDE [132]'\n '11 ILOT [133]' '12 CART [134]' '13 PISN [135]' '14 Cepheid [211]'\n '15 RR Lyrae [212]' '16 Delta Scuti [213]' '17 EB [214]' '18 AGN [221]']"}}