{
    "FLUXCALERR_Y": {
        "mean": -6.856283187866211,
        "min": 0.0,
        "std": 7.766845703125
    },
    "FLUXCALERR_g": {
        "mean": -6.856283187866211,
        "min": 0.0,
        "std": 7.766845703125
    },
    "FLUXCALERR_i": {
        "mean": -6.856283187866211,
        "min": 0.0,
        "std": 7.766845703125
    },
    "FLUXCALERR_r": {
        "mean": -6.856283187866211,
        "min": 0.0,
        "std": 7.766845703125
    },
    "FLUXCALERR_u": {
        "mean": -6.856283187866211,
        "min": 0.0,
        "std": 7.766845703125
    },
    "FLUXCALERR_z": {
        "mean": -6.856283187866211,
        "min": 0.0,
        "std": 7.766845703125
    },
    "FLUXCAL_Y": {
        "mean": 15.653460502624512,
        "min": -2000.0,
        "std": 0.006687534041702747
    },
    "FLUXCAL_g": {
        "mean": 15.653460502624512,
        "min": -2000.0,
        "std": 0.006687534041702747
    },
    "FLUXCAL_i": {
        "mean": 15.653460502624512,
        "min": -2000.0,
        "std": 0.006687534041702747
    },
    "FLUXCAL_r": {
        "mean": 15.653460502624512,
        "min": -2000.0,
        "std": 0.006687534041702747
    },
    "FLUXCAL_u": {
        "mean": 15.653460502624512,
        "min": -2000.0,
        "std": 0.006687534041702747
    },
    "FLUXCAL_z": {
        "mean": 15.653460502624512,
        "min": -2000.0,
        "std": 0.006687534041702747
    },
    "delta_time": {
        "mean": -0.0453844778239727,
        "min": 0.0,
        "std": 4.170915126800537
    }
}