{
    "FLUXCALERR_Y": {
        "mean": -6.856289386749268,
        "min": 0.0,
        "std": 7.766849994659424
    },
    "FLUXCALERR_g": {
        "mean": -6.856289386749268,
        "min": 0.0,
        "std": 7.766849994659424
    },
    "FLUXCALERR_i": {
        "mean": -6.856289386749268,
        "min": 0.0,
        "std": 7.766849994659424
    },
    "FLUXCALERR_r": {
        "mean": -6.856289386749268,
        "min": 0.0,
        "std": 7.766849994659424
    },
    "FLUXCALERR_u": {
        "mean": -6.856289386749268,
        "min": 0.0,
        "std": 7.766849994659424
    },
    "FLUXCALERR_z": {
        "mean": -6.856289386749268,
        "min": 0.0,
        "std": 7.766849994659424
    },
    "FLUXCAL_Y": {
        "mean": 15.653464317321777,
        "min": -2000.0,
        "std": 0.0066879610531032085
    },
    "FLUXCAL_g": {
        "mean": 15.653464317321777,
        "min": -2000.0,
        "std": 0.0066879610531032085
    },
    "FLUXCAL_i": {
        "mean": 15.653464317321777,
        "min": -2000.0,
        "std": 0.0066879610531032085
    },
    "FLUXCAL_r": {
        "mean": 15.653464317321777,
        "min": -2000.0,
        "std": 0.0066879610531032085
    },
    "FLUXCAL_u": {
        "mean": 15.653464317321777,
        "min": -2000.0,
        "std": 0.0066879610531032085
    },
    "FLUXCAL_z": {
        "mean": 15.653464317321777,
        "min": -2000.0,
        "std": 0.0066879610531032085
    },
    "delta_time": {
        "mean": -0.045384481549263,
        "min": 0.0,
        "std": 4.170915603637695
    }
}