{
    "FLUXCALERR_Y": {
        "mean": -7.349638938903809,
        "min": 0.0,
        "std": 6.301058292388916
    },
    "FLUXCALERR_g": {
        "mean": -7.349638938903809,
        "min": 0.0,
        "std": 6.301058292388916
    },
    "FLUXCALERR_i": {
        "mean": -7.349638938903809,
        "min": 0.0,
        "std": 6.301058292388916
    },
    "FLUXCALERR_r": {
        "mean": -7.349638938903809,
        "min": 0.0,
        "std": 6.301058292388916
    },
    "FLUXCALERR_u": {
        "mean": -7.349638938903809,
        "min": 0.0,
        "std": 6.301058292388916
    },
    "FLUXCALERR_z": {
        "mean": -7.349638938903809,
        "min": 0.0,
        "std": 6.301058292388916
    },
    "FLUXCAL_Y": {
        "mean": 11.739703178405762,
        "min": -2000.0,
        "std": 0.007685988675802946
    },
    "FLUXCAL_g": {
        "mean": 11.739703178405762,
        "min": -2000.0,
        "std": 0.007685988675802946
    },
    "FLUXCAL_i": {
        "mean": 11.739703178405762,
        "min": -2000.0,
        "std": 0.007685988675802946
    },
    "FLUXCAL_r": {
        "mean": 11.739703178405762,
        "min": -2000.0,
        "std": 0.007685988675802946
    },
    "FLUXCAL_u": {
        "mean": 11.739703178405762,
        "min": -2000.0,
        "std": 0.007685988675802946
    },
    "FLUXCAL_z": {
        "mean": 11.739703178405762,
        "min": -2000.0,
        "std": 0.007685988675802946
    },
    "delta_time": {
        "mean": -0.07264872640371323,
        "min": 0.0,
        "std": 3.793788194656372
    }
}