{
    "FLUXCALERR_Y": {
        "mean": -6.855401039123535,
        "min": 0.0,
        "std": 7.767890453338623
    },
    "FLUXCALERR_g": {
        "mean": -6.855401039123535,
        "min": 0.0,
        "std": 7.767890453338623
    },
    "FLUXCALERR_i": {
        "mean": -6.855401039123535,
        "min": 0.0,
        "std": 7.767890453338623
    },
    "FLUXCALERR_r": {
        "mean": -6.855401039123535,
        "min": 0.0,
        "std": 7.767890453338623
    },
    "FLUXCALERR_u": {
        "mean": -6.855401039123535,
        "min": 0.0,
        "std": 7.767890453338623
    },
    "FLUXCALERR_z": {
        "mean": -6.855401039123535,
        "min": 0.0,
        "std": 7.767890453338623
    },
    "FLUXCAL_Y": {
        "mean": 15.65265941619873,
        "min": -2000.0,
        "std": 0.014347748830914497
    },
    "FLUXCAL_g": {
        "mean": 15.65265941619873,
        "min": -2000.0,
        "std": 0.014347748830914497
    },
    "FLUXCAL_i": {
        "mean": 15.65265941619873,
        "min": -2000.0,
        "std": 0.014347748830914497
    },
    "FLUXCAL_r": {
        "mean": 15.65265941619873,
        "min": -2000.0,
        "std": 0.014347748830914497
    },
    "FLUXCAL_u": {
        "mean": 15.65265941619873,
        "min": -2000.0,
        "std": 0.014347748830914497
    },
    "FLUXCAL_z": {
        "mean": 15.65265941619873,
        "min": -2000.0,
        "std": 0.014347748830914497
    },
    "delta_time": {
        "mean": -0.04333864524960518,
        "min": 0.0,
        "std": 4.168185234069824
    }
}