{"vanilla_S_0_CLF_5_R_zspe_photometry_DF_1.0_N_cosmo_quantile_lstm_32x2_0.05_128_True_mean_C": {"training_time": 208.7721128463745, "AUC": -1, "Acc": 0.8756476683937824, "loss": 0.2855655724056659, "data_types_training": "['0 Ia [111, 112, 113, 114, 115]' '1 Fast [121, 122, 123, 124]'\n '2 Long [131, 132, 133, 134, 135]' '3 Periodic [211, 212, 213, 214]'\n '4 Non-Periodic [221]']"}}