{"vanilla_S_0_CLF_5_R_zspe_photometry_DF_1.0_N_cosmo_quantile_lstm_32x2_0.05_128_True_mean_C": {"training_time": 183.3821403980255, "AUC": -1, "Acc": 0.9174517720951099, "loss": 0.22015813662784758}}