{
    "FLUXCALERR_Y": {
        "mean": -6.074979305267334,
        "min": 0.0,
        "std": 8.142868995666504
    },
    "FLUXCALERR_g": {
        "mean": -6.074979305267334,
        "min": 0.0,
        "std": 8.142868995666504
    },
    "FLUXCALERR_i": {
        "mean": -6.074979305267334,
        "min": 0.0,
        "std": 8.142868995666504
    },
    "FLUXCALERR_r": {
        "mean": -6.074979305267334,
        "min": 0.0,
        "std": 8.142868995666504
    },
    "FLUXCALERR_u": {
        "mean": -6.074979305267334,
        "min": 0.0,
        "std": 8.142868995666504
    },
    "FLUXCALERR_z": {
        "mean": -6.074979305267334,
        "min": 0.0,
        "std": 8.142868995666504
    },
    "FLUXCAL_Y": {
        "mean": 15.682472229003906,
        "min": -2000.0,
        "std": 0.005008767358958721
    },
    "FLUXCAL_g": {
        "mean": 15.682472229003906,
        "min": -2000.0,
        "std": 0.005008767358958721
    },
    "FLUXCAL_i": {
        "mean": 15.682472229003906,
        "min": -2000.0,
        "std": 0.005008767358958721
    },
    "FLUXCAL_r": {
        "mean": 15.682472229003906,
        "min": -2000.0,
        "std": 0.005008767358958721
    },
    "FLUXCAL_u": {
        "mean": 15.682472229003906,
        "min": -2000.0,
        "std": 0.005008767358958721
    },
    "FLUXCAL_z": {
        "mean": 15.682472229003906,
        "min": -2000.0,
        "std": 0.005008767358958721
    },
    "delta_time": {
        "mean": -0.0457201711833477,
        "min": 0.0,
        "std": 3.821138620376587
    }
}