{"vanilla_S_0_CLF_2_R_zspe_photometry_DF_1.0_N_cosmo_quantile_lstm_32x2_0.05_128_True_mean_C": {"training_time": 8687.67463350296, "AUC": 0.9931740775504203, "Acc": 0.9711363317920695, "loss": 0.08451972660731592, "data_types_training": "['0 Ia [10, 11, 12, 20, 21, 25, 26, 27, 30, 31, 32, 35, 36, 37]'\n '1 Long [40, 42, 45, 46, 59]' '2 Fast [50, 51, 82, 84, 87, 88, 89]'\n '3 NonPeriodic [60]' '4 Periodic [80, 83, 90, 91]']"}}