{"vanilla_S_0_CLF_2_R_none_photometry_DF_1.0_N_global_lstm_32x2_0.05_128_True_mean_C": {"training_time": 462.87403297424316, "AUC": 0.9521050954535348, "Acc": 0.8896111860664786, "loss": 0.26037167287074225, "data_types_training": "['0 Ia [111, 112, 113, 114, 115]' '1 KN [121]' '2 M-dwarf flare [122]'\n '3 dwarf novae [123]' '4 uLens [124]' '5 SLSN [131]' '6 TDE [132]'\n '7 ILOT [133]' '8 CART [134]' '9 PISN [135]' '10 Cepheid [211]'\n '11 RR Lyrae [212]' '12 Delta Scuti [213]' '13 EB [214]' '14 AGN [221]']"}}